Cement,Blast Furnace Slag,Fly Ash,Water,Superplasticizer,Coarse Aggregate,Fine Aggregate,Age,Concrete compressive strength
531.3,0.0,0.0,141.8,28.2,852.1,893.7,3,41.2996124
475.0,0.0,0.0,228.0,0.0,932.0,594.0,7,38.60376124
277.05,0.0,97.39,160.6,11.83,973.9,875.61,3,23.13881456
436.0,0.0,0.0,218.0,0.0,838.4,719.7,28,23.84897484
166.8,250.2,0.0,203.5,0.0,975.6,692.6,7,15.74832132
312.7,144.7,0.0,127.3,8.0,999.7,822.2,28,44.52360218
295.71,0.0,95.64,171.54,8.87,955.14,859.2,100,52.04164848
233.81,0.0,94.58,197.89,4.567,947.04,852.16,3,10.38350856
331.0,0.0,0.0,192.0,0.0,978.0,825.0,7,16.26473884
284.0,15.0,141.0,179.0,5.46,842.0,801.0,7,24.13166
387.0,20.0,94.0,157.0,13.93,938.0,845.0,28,46.68441996
342.0,38.0,0.0,228.0,0.0,932.0,670.0,270,55.06431126
389.9,189.0,0.0,145.9,22.0,944.7,755.8,56,79.40005616
290.35,0.0,96.18,168.08,9.41,961.18,865.0,3,22.50449664
298.1,0.0,107.5,163.6,12.8,953.2,784.0,28,35.86585204
236.0,0.0,0.0,194.0,0.0,968.0,885.0,14,12.83804312
387.0,20.0,94.0,157.0,14.32,938.0,845.0,3,22.752708
212.0,141.3,0.0,203.5,0.0,973.4,750.0,90,39.70002808
297.16,0.0,117.54,174.8,9.52,1022.8,753.45,100,56.7438748
296.0,0.0,0.0,186.0,0.0,1090.0,769.0,28,25.17966352
246.83,0.0,125.08,143.3,11.99,1086.8,800.89,14,42.21661548
246.83,0.0,125.08,143.3,11.99,1086.8,800.89,28,52.50359739999999
165.0,0.0,150.0,182.0,12.0,1023.0,729.0,28,18.0297974
277.19,97.82,24.46,160.7,11.19,1061.7,782.46,56,66.82401392
380.0,95.0,0.0,228.0,0.0,932.0,594.0,7,32.82319446
540.0,0.0,0.0,173.0,0.0,1125.0,613.0,90,69.65776028
332.5,142.5,0.0,228.0,0.0,932.0,594.0,270,40.26953526
310.0,0.0,0.0,192.0,0.0,970.0,850.0,7,14.98920824
376.0,0.0,0.0,214.6,0.0,1003.5,762.36,28,31.97100212
167.0,187.0,195.0,185.0,7.0,898.0,636.0,28,23.8903434
382.5,0.0,0.0,185.7,0.0,1047.8,739.3,7,24.0654703
218.85,0.0,124.13,158.49,11.33,1078.7,794.91,14,26.04840328
166.0,259.7,0.0,183.2,12.7,858.8,826.8,28,37.91704314
424.0,22.0,132.0,178.0,8.48,822.0,750.0,28,62.05284
192.0,288.0,0.0,192.0,0.0,929.8,716.1,90,50.73233356
475.0,0.0,0.0,228.0,0.0,932.0,594.0,270,42.13112046
266.0,114.0,0.0,228.0,0.0,932.0,670.0,365,52.90831981
212.52,0.0,100.37,159.32,8.71,1007.8,903.59,14,26.31040416
281.0,0.0,0.0,186.0,0.0,1104.0,774.0,28,22.43554904
190.34,0.0,125.18,161.85,9.88,1088.1,802.59,28,28.46846404
480.0,0.0,0.0,192.0,0.0,936.2,712.2,28,43.94237391
332.5,142.5,0.0,228.0,0.0,932.0,594.0,365,41.05277999
167.95,42.08,163.83,121.75,5.72,1058.7,780.11,100,39.2311844
251.37,0.0,118.27,192.94,5.75,1043.6,754.3,56,39.265658200000004
154.0,144.0,112.0,220.0,10.0,923.0,658.0,28,16.49916068
160.2,188.0,146.4,203.2,11.3,828.7,709.7,28,35.31427124
425.0,106.3,0.0,153.5,16.5,852.1,887.1,28,60.2946762
330.5,169.6,0.0,194.9,8.1,811.0,802.3,28,56.61907964
388.6,97.1,0.0,157.9,12.1,852.1,925.7,3,28.096147
286.3,200.9,0.0,144.7,11.2,1004.6,803.7,3,24.40055564
277.0,0.0,0.0,191.0,0.0,968.0,856.0,28,25.96566616
323.7,282.8,0.0,183.8,10.3,942.7,659.9,3,28.29609504
251.37,0.0,118.27,188.45,5.75,1028.4,757.73,100,43.58177796
299.8,0.0,119.8,211.5,9.9,878.2,727.6,28,23.835874800000003
165.0,0.02,143.57,163.81,0.0,1005.6,900.9,28,26.200088
102.0,153.0,0.0,192.0,0.0,887.0,942.0,7,7.675936308
255.0,0.0,0.0,192.0,0.0,889.8,945.0,28,18.74616296
151.6,0.0,111.9,184.4,7.9,992.0,815.9,28,12.18097249
178.03,129.8,118.6,179.94,3.57,1007.3,746.8,100,49.99390476
266.0,114.0,0.0,228.0,0.0,932.0,670.0,90,47.02984744
250.0,0.0,95.69,191.84,5.33,948.9,857.2,14,24.65566176
387.0,20.0,94.0,157.0,14.32,938.0,845.0,7,36.83870268
318.8,212.5,0.0,155.7,14.3,852.1,880.4,7,33.39821744
210.7,316.1,0.0,185.7,0.0,977.0,689.3,28,37.81362174
451.0,0.0,0.0,165.0,11.25,1030.0,745.0,28,78.80021204
284.0,120.0,0.0,168.0,7.0,970.0,794.0,28,40.93419012
182.04,45.21,121.97,170.21,8.19,1059.4,780.65,14,21.50475644
288.0,192.0,0.0,192.0,0.0,932.0,717.8,90,50.52686971
165.0,0.02,143.57,163.81,0.0,1005.6,900.9,3,14.39625888
141.3,212.0,0.0,203.5,0.0,971.8,748.5,3,4.8277109519999994
167.35,129.9,128.62,175.46,7.79,1006.3,746.6,28,41.20308576
144.0,136.0,106.0,178.0,7.0,941.0,774.0,28,26.14492992
362.6,189.0,0.0,164.9,11.6,944.7,755.8,28,71.29871316
250.0,0.0,95.69,191.84,5.33,948.9,857.2,56,39.644870000000004
251.37,0.0,118.27,188.45,5.75,1028.4,757.73,3,17.22311048
214.9,53.8,121.89,155.63,9.61,1014.3,780.58,28,52.20022796
475.0,0.0,0.0,228.0,0.0,932.0,594.0,28,39.28978986
166.09,0.0,163.27,176.46,4.49,1058.6,780.09,14,25.48303296
155.0,183.0,0.0,193.0,9.0,877.0,868.0,28,23.786922
362.6,189.0,0.0,164.9,11.6,944.7,755.8,3,35.301171200000006
236.9,91.7,71.5,246.9,6.0,852.9,695.4,28,28.62980142
491.0,26.0,123.0,210.0,3.93,882.0,699.0,7,33.48883428
203.5,305.3,0.0,203.5,0.0,963.4,630.0,90,51.86376367
212.57,0.0,100.39,159.35,10.37,1003.8,903.79,100,47.73931824
251.81,0.0,99.94,146.14,12.35,1006.0,899.76,28,33.94290348
213.76,98.06,24.52,181.74,6.65,1066.0,785.52,14,17.83674412
281.0,0.0,0.0,185.0,0.0,1104.0,774.0,28,22.43554904
520.0,0.0,0.0,170.0,5.2,855.0,855.0,28,60.28088668
446.0,24.0,79.0,162.0,11.61,967.0,712.0,3,35.36322404
250.0,0.0,95.69,187.42,5.53,956.86,861.17,28,29.21999288
148.5,139.4,108.6,192.7,6.1,892.4,780.0,28,23.69660064
528.0,0.0,0.0,185.0,6.86,920.0,720.0,28,56.83350668
397.0,0.0,0.0,185.0,0.0,1040.0,734.0,28,39.09328920000001
173.0,116.0,0.0,192.0,0.0,946.8,856.8,28,24.28196577
349.0,0.0,0.0,192.0,0.0,1056.0,809.0,3,15.87173752
153.0,102.0,0.0,192.0,0.0,888.0,943.1,3,4.782205536
236.0,0.0,0.0,194.0,0.0,968.0,885.0,3,6.46728488
336.5,0.0,0.0,181.9,3.4,985.8,816.8,28,44.86834018
405.0,0.0,0.0,175.0,0.0,1120.0,695.0,28,52.30364936
380.0,95.0,0.0,228.0,0.0,932.0,594.0,28,36.44776979
379.5,151.2,0.0,153.9,15.9,1134.3,605.0,91,56.49566344
203.5,135.7,0.0,185.7,0.0,1076.2,759.3,7,11.95758227
190.34,0.0,125.18,166.61,9.88,1079.0,798.9,100,33.56369168
321.0,164.0,0.0,190.0,5.0,870.0,774.0,28,57.21271848
167.35,129.9,128.62,175.46,7.79,1006.3,746.6,14,31.81242264
154.8,0.0,142.8,193.3,9.1,877.2,867.7,28,9.738159024
382.5,0.0,0.0,185.7,0.0,1047.8,739.3,28,37.43785732
277.0,0.0,0.0,191.0,0.0,968.0,856.0,180,32.32952964
339.0,0.0,0.0,197.0,0.0,968.0,781.0,365,38.89334116
150.0,236.8,0.0,173.8,11.9,1069.3,674.8,28,37.43165204
166.8,250.2,0.0,203.5,0.0,975.6,692.6,90,43.56523054
151.0,0.0,185.0,167.0,16.0,1074.0,678.0,28,13.45857152
193.5,290.2,0.0,185.7,0.0,998.2,704.3,28,32.626693800000005
236.0,0.0,0.0,193.0,0.0,968.0,885.0,180,24.10408096
349.0,0.0,0.0,192.0,0.0,1056.0,809.0,120,40.85834776
446.0,24.0,79.0,162.0,10.3,967.0,712.0,28,53.38612668
152.0,0.0,112.0,184.0,8.0,992.0,816.0,28,12.17614616
250.0,0.0,95.69,187.42,5.53,956.86,861.17,56,38.32797084
277.0,0.0,0.0,191.0,0.0,968.0,856.0,90,31.25394708
540.0,0.0,0.0,173.0,0.0,1125.0,613.0,270,74.16693332
213.76,98.06,24.52,181.74,6.65,1066.0,785.52,28,40.2309246
318.8,212.5,0.0,155.7,14.3,852.1,880.4,3,25.2003478
475.0,118.8,0.0,181.1,8.9,852.1,781.5,91,74.19451236
252.31,0.0,98.75,146.25,14.17,987.76,889.01,28,50.60064364
296.0,0.0,106.7,221.4,10.5,819.2,778.4,28,31.4201108
213.5,0.0,174.24,154.61,11.66,1052.3,775.48,56,51.434909600000005
261.9,110.5,86.1,195.4,5.0,895.2,732.6,28,33.71882378
214.9,53.8,121.89,155.63,9.61,1014.3,780.58,100,56.63355864
381.4,0.0,0.0,185.7,0.0,1104.6,784.3,28,22.48932817
359.0,19.0,141.0,154.0,10.91,942.0,801.0,56,66.78067543
531.3,0.0,0.0,141.8,28.2,852.1,893.7,56,58.79851328
339.2,0.0,0.0,185.7,0.0,1069.2,754.3,7,21.17932377
275.07,0.0,121.35,159.48,9.9,1053.6,777.5,14,38.76923548
159.8,250.0,0.0,168.4,12.2,1049.3,688.2,28,39.45595358
252.5,0.0,0.0,185.7,0.0,1111.6,784.3,28,19.76520849
540.0,0.0,0.0,162.0,2.5,1040.0,676.0,28,79.98611076
297.16,0.0,117.54,174.8,9.52,1022.8,753.45,14,36.9903874
349.0,0.0,0.0,192.0,0.0,1056.0,809.0,90,40.65839972
316.1,210.7,0.0,185.7,0.0,977.0,689.3,28,38.70028788
250.0,0.0,0.0,182.0,0.0,1100.0,820.0,7,12.73462172
272.8,181.9,0.0,185.7,0.0,1012.4,714.3,7,19.76520849
491.0,26.0,123.0,210.0,3.93,882.0,699.0,56,59.59042572
252.0,0.0,0.0,185.0,0.0,1111.0,784.0,28,19.69143456
194.68,0.0,100.52,165.62,7.48,1006.4,905.9,28,25.72434956
374.0,189.2,0.0,170.1,10.1,926.1,756.7,56,63.3973182
167.35,129.9,128.62,175.46,7.79,1006.3,746.6,56,51.72448952
165.0,128.5,132.1,175.06,8.08,1005.8,746.6,56,53.72396992
193.5,290.2,0.0,185.7,0.0,998.2,704.3,7,17.20035777
154.0,174.0,185.0,228.0,7.0,845.0,612.0,28,24.3385028
425.0,106.3,0.0,153.5,16.5,852.1,887.1,7,49.20100736
134.7,0.0,165.7,180.2,10.0,961.0,804.9,28,13.29378676
212.07,0.0,121.62,180.31,5.69,1057.6,779.32,14,20.91870184
168.88,42.22,124.25,158.33,10.83,1080.8,796.15,100,48.15300384
136.0,196.0,98.0,199.0,6.0,847.0,783.0,28,26.96540636
485.0,0.0,0.0,146.0,0.0,1120.0,800.0,28,71.98818916
251.81,0.0,99.94,146.14,12.35,1006.0,899.76,14,33.35684888
469.0,117.2,0.0,137.8,32.2,852.1,840.5,56,69.29923276
252.31,0.0,98.75,146.25,14.17,987.76,889.01,3,21.78054684
236.0,0.0,0.0,194.0,0.0,968.0,885.0,28,18.41590396
213.5,0.0,174.24,154.61,11.66,1052.3,775.48,14,33.70158688
313.3,262.2,0.0,175.5,8.6,1046.9,611.8,91,66.59648684
172.38,13.61,172.37,156.76,4.14,1006.3,856.4,56,35.852752
236.0,0.0,0.0,194.0,0.0,968.0,885.0,90,21.94602108
401.8,94.7,0.0,147.4,11.4,946.8,852.1,56,73.69808964
288.0,192.0,0.0,192.0,0.0,932.0,717.8,7,23.52354217
222.36,0.0,96.67,189.29,4.46,967.08,870.32,100,40.7135578
427.5,47.5,0.0,228.0,0.0,932.0,594.0,28,37.42751518
312.9,160.5,0.0,177.6,9.6,916.6,759.5,28,52.44637089
190.34,0.0,125.18,161.85,9.88,1088.1,802.59,56,38.56239268
139.7,163.9,127.7,236.7,5.8,868.6,655.6,28,35.22532884
382.0,0.0,0.0,186.0,0.0,1047.0,739.0,28,37.42475728
233.81,0.0,94.58,197.89,4.567,947.04,852.16,100,34.55653712
424.0,22.0,132.0,168.0,8.92,822.0,750.0,56,74.36491146
439.0,177.0,0.0,186.0,11.1,884.9,707.9,56,71.69860924
194.68,0.0,100.52,165.62,7.48,1006.4,905.9,56,33.96358776
380.0,95.0,0.0,228.0,0.0,932.0,594.0,365,43.6982994
522.0,0.0,0.0,146.0,0.0,896.0,896.0,7,50.51101176
108.3,162.4,0.0,203.5,0.0,938.2,849.0,90,29.23171397
425.0,106.3,0.0,151.4,18.6,936.0,803.7,3,36.3009114
305.3,203.5,0.0,203.5,0.0,965.4,631.0,90,54.59891496
252.1,97.1,75.6,193.8,8.3,835.5,821.4,28,33.39959639
212.57,0.0,100.39,159.35,10.37,1003.8,903.79,56,44.39535964
425.0,106.3,0.0,153.5,16.5,852.1,887.1,91,65.19685056
322.0,0.0,0.0,203.0,0.0,974.0,800.0,14,20.77391188
212.52,0.0,100.37,159.32,8.71,1007.8,903.59,100,42.919881
238.05,0.0,94.11,186.66,7.0,949.91,847.01,3,19.93275116
491.0,26.0,123.0,210.0,3.93,882.0,699.0,3,25.60910857
321.0,0.0,128.0,182.0,11.0,870.0,780.0,28,37.25928304
388.6,97.1,0.0,157.9,12.1,852.1,925.7,56,55.19944856
288.4,121.0,0.0,177.4,7.0,907.9,829.5,28,42.14008364
160.0,250.0,0.0,168.0,12.0,1049.0,688.0,28,39.45181672
229.97,0.0,118.31,195.47,4.63,1029.4,758.59,3,10.0318758
427.5,47.5,0.0,228.0,0.0,932.0,594.0,365,43.6982994
298.2,0.0,107.0,209.7,11.1,879.6,744.2,28,31.87516496
313.3,262.2,0.0,175.5,8.6,1046.9,611.8,28,59.79825348
143.0,169.0,143.0,191.0,8.0,967.0,643.0,28,29.72331036
475.0,0.0,0.0,228.0,0.0,932.0,594.0,365,41.9346198
238.2,158.8,0.0,185.7,0.0,1040.6,734.3,7,15.69109481
260.0,101.0,78.0,171.0,10.0,936.0,763.0,28,49.77327244
200.0,0.0,0.0,180.0,0.0,1125.0,845.0,7,7.83934212
262.0,111.0,86.0,195.0,5.0,895.0,733.0,28,33.7153764
380.0,0.0,0.0,228.0,0.0,932.0,670.0,365,52.51669744
236.0,157.0,0.0,192.0,0.0,972.6,749.1,3,13.565440300000002
446.0,24.0,79.0,162.0,11.64,967.0,712.0,28,44.42293868
255.5,170.3,0.0,185.7,0.0,1026.6,724.3,7,17.23621052
250.2,166.8,0.0,203.5,0.0,977.6,694.1,90,47.7144971
339.0,0.0,0.0,185.0,0.0,1069.0,754.0,7,21.16001844
272.6,0.0,89.6,198.7,10.6,931.3,762.2,28,32.24541357
218.23,54.64,123.78,140.75,11.91,1075.7,792.67,56,61.99078716
190.0,190.0,0.0,228.0,0.0,932.0,670.0,180,46.93194184
212.0,141.3,0.0,203.5,0.0,973.4,750.0,3,6.808575500000001
255.0,0.0,0.0,192.0,0.0,889.8,945.0,90,21.8591471
148.1,0.0,136.6,158.1,16.1,1001.8,830.1,28,17.95947085
116.0,173.0,0.0,192.0,0.0,909.8,891.9,90,31.023662100000003
181.38,0.0,167.01,169.59,7.56,1055.6,777.8,100,45.3675208
210.7,316.1,0.0,185.7,0.0,977.0,689.3,7,21.81984697
296.0,0.0,0.0,186.0,0.0,1090.0,769.0,7,18.91232668
145.4,0.0,178.9,201.7,7.8,824.0,868.7,28,10.53588276
277.0,116.8,91.0,190.6,7.0,946.5,665.6,28,43.57833058
331.0,170.0,0.0,195.0,8.0,811.0,802.0,28,56.61287436
446.0,24.0,79.0,162.0,11.64,967.0,712.0,28,51.021224
380.0,95.0,0.0,228.0,0.0,932.0,594.0,90,40.56325203
136.0,162.0,126.0,172.0,10.0,923.0,764.0,28,29.06830816
424.0,22.0,132.0,168.0,8.92,822.0,750.0,28,72.09850532
316.1,210.7,0.0,185.7,0.0,977.0,689.3,7,24.43778734
159.1,186.7,0.0,175.6,11.3,989.6,788.9,28,32.76803638
397.0,17.2,158.0,167.0,20.8,967.0,633.0,28,55.64760796
379.5,151.2,0.0,153.9,15.9,1134.3,605.0,3,28.59946448
266.0,114.0,0.0,228.0,0.0,932.0,670.0,270,51.73276323
173.54,50.05,173.53,164.77,6.47,1006.2,793.5,100,56.06129356
168.88,42.22,124.25,158.33,10.83,1080.8,796.15,28,31.11605188
295.71,0.0,95.64,171.54,8.87,955.14,859.2,3,22.94576128
516.0,0.0,0.0,162.0,8.2,801.0,802.0,28,41.368559999999995
376.0,0.0,0.0,214.6,0.0,1003.5,762.36,100,43.057776200000006
164.2,0.0,200.1,181.2,12.6,849.3,846.0,28,15.09125069
290.35,0.0,96.18,168.08,9.41,961.18,865.0,56,45.08483564
427.5,47.5,0.0,228.0,0.0,932.0,594.0,270,43.01296026
212.07,0.0,121.62,180.31,5.69,1057.6,779.32,28,24.90387312
333.0,17.5,163.0,167.0,17.9,996.0,652.0,28,47.27736932
202.0,11.0,141.0,206.0,1.72,942.0,801.0,56,23.24519085
302.0,0.0,0.0,203.0,0.0,974.0,817.0,28,21.7529678
238.05,0.0,94.11,186.66,7.0,949.91,847.01,56,39.58971192
339.0,0.0,0.0,197.0,0.0,968.0,781.0,7,20.96696516
331.0,0.0,0.0,192.0,0.0,1025.0,821.0,7,17.43684804
277.0,0.0,0.0,191.0,0.0,968.0,856.0,14,21.26343984
228.0,342.1,0.0,185.7,0.0,955.8,674.3,28,39.6993386
203.5,305.3,0.0,203.5,0.0,963.4,630.0,3,9.561653168
295.0,0.0,0.0,185.0,0.0,1069.0,769.0,28,25.17966352
190.68,0.0,125.4,162.14,7.77,1090.0,804.01,14,21.0634918
153.0,102.0,0.0,192.0,0.0,888.0,943.1,28,17.96429718
166.8,250.2,0.0,203.5,0.0,975.6,692.6,28,33.94772981
277.0,0.0,0.0,191.0,0.0,968.0,856.0,3,11.36256448
333.0,0.0,0.0,192.0,0.0,931.2,842.6,28,31.96686526
194.68,0.0,100.52,170.17,7.48,998.0,901.8,3,12.17614616
222.36,0.0,96.67,189.29,4.46,967.08,870.32,56,29.44751996
231.75,0.0,121.62,173.96,6.72,1056.4,778.45,56,42.69924868
157.0,236.0,0.0,192.0,0.0,935.4,781.2,28,33.66435518
313.0,145.0,0.0,178.0,8.0,1002.0,689.0,28,41.05140104
108.3,162.4,0.0,203.5,0.0,938.2,849.0,7,7.723510152
234.0,156.0,0.0,189.0,5.85,981.0,760.0,28,39.300132
172.38,13.61,172.37,156.76,4.14,1006.3,856.4,28,33.68779736
375.0,93.8,0.0,126.6,23.4,852.1,992.6,3,28.99936056
469.0,117.2,0.0,137.8,32.2,852.1,840.5,28,66.89985628
170.3,155.5,0.0,185.7,0.0,1026.6,724.3,7,10.73031499
192.0,288.0,0.0,192.0,0.0,929.8,716.1,28,39.32150576
190.34,0.0,125.18,166.61,9.88,1079.0,798.9,3,12.5484632
389.9,189.0,0.0,145.9,22.0,944.7,755.8,7,59.09498796
388.6,97.1,0.0,157.9,12.1,852.1,925.7,28,50.69717028
250.0,0.0,95.69,191.84,5.33,948.9,857.2,28,27.22051248
238.0,0.0,0.0,186.0,0.0,1119.0,789.0,7,12.05204048
446.0,24.0,79.0,162.0,11.61,967.0,712.0,56,61.06688932
165.0,128.5,132.1,175.06,8.08,1005.8,746.6,28,46.38794528
375.0,93.8,0.0,126.6,23.4,852.1,992.6,7,45.69846928
155.2,183.9,143.2,193.8,9.2,879.6,698.5,28,28.99108685
313.3,262.2,0.0,175.5,8.6,1046.9,611.8,7,42.79577532
218.23,54.64,123.78,140.75,11.91,1075.7,792.67,14,35.9561734
321.4,0.0,127.9,182.5,11.5,870.1,779.7,28,37.26548832
326.5,0.0,137.9,199.0,10.8,801.1,792.5,28,38.6306508
144.8,0.0,133.6,180.8,11.1,979.5,811.5,28,13.20208645
164.0,163.0,128.0,197.0,8.0,961.0,641.0,28,27.234302000000003
307.0,0.0,0.0,193.0,0.0,968.0,812.0,180,34.48758952
400.0,0.0,0.0,187.0,0.0,1025.0,745.0,28,43.69898888
469.0,117.2,0.0,137.8,32.2,852.1,840.5,7,54.89607912
198.6,132.4,0.0,192.0,0.0,978.4,825.5,28,28.02168359
165.0,128.5,132.1,175.06,8.08,1005.8,746.6,14,33.08795324
239.6,359.4,0.0,185.7,0.0,941.6,664.3,28,39.435269299999995
380.0,0.0,0.0,228.0,0.0,932.0,670.0,180,53.104131
237.5,237.5,0.0,228.0,0.0,932.0,594.0,365,38.99538361
213.5,0.0,174.24,154.61,11.66,1052.3,775.48,100,59.30183076
233.81,0.0,94.58,197.89,4.567,947.04,852.16,28,22.83544512
359.0,19.0,141.0,154.0,10.91,942.0,801.0,28,62.93536928
135.0,0.0,166.0,180.0,10.0,961.0,805.0,28,13.29309728
307.0,0.0,0.0,193.0,0.0,968.0,812.0,90,32.922478999999996
331.0,0.0,0.0,192.0,0.0,879.0,825.0,3,13.52062436
323.7,282.8,0.0,183.8,10.3,942.7,659.9,7,49.80085148
173.54,50.05,173.53,164.77,6.47,1006.2,793.5,56,53.77223324
190.68,0.0,125.4,162.14,7.77,1090.0,804.01,56,35.34253976
213.5,0.0,174.24,159.21,11.66,1043.6,771.9,100,52.95865156
190.34,0.0,125.18,166.61,9.88,1079.0,798.9,28,24.84871504
349.0,0.0,0.0,192.0,0.0,1047.0,806.0,28,32.72253096
148.0,0.0,182.0,181.0,15.0,839.0,884.0,28,15.52010476
305.3,203.5,0.0,203.5,0.0,965.4,631.0,3,14.14391066
190.68,0.0,125.4,162.14,7.77,1090.0,804.01,28,26.40003604
165.0,0.02,143.57,163.81,0.0,1005.6,900.9,14,16.87837248
250.2,166.8,0.0,203.5,0.0,977.6,694.1,3,9.731264264
322.0,0.0,0.0,203.0,0.0,974.0,800.0,28,25.17966352
151.8,178.1,138.7,167.5,18.3,944.0,694.6,28,36.349864200000006
192.0,288.0,0.0,192.0,0.0,929.8,716.1,7,21.48062478
165.0,128.5,132.1,175.06,8.08,1005.8,746.6,3,19.41564416
272.8,105.1,81.8,209.7,9.0,904.0,679.7,28,37.17103011
400.0,0.0,0.0,187.0,0.0,1025.0,745.0,7,30.14389072
251.37,0.0,118.27,188.45,6.35,1028.4,757.73,28,32.66047812
218.23,54.64,123.78,140.75,11.91,1075.7,792.67,3,27.42046052
380.0,0.0,0.0,228.0,0.0,932.0,670.0,90,52.90831981
108.3,162.4,0.0,203.5,0.0,938.2,849.0,28,20.59395864
213.74,0.0,174.74,154.79,10.16,1053.5,776.35,100,50.07664188
331.0,0.0,0.0,192.0,0.0,978.0,825.0,28,31.44700036
238.05,0.0,94.11,186.66,7.0,949.91,847.01,28,30.233522600000004
190.68,0.0,125.4,162.14,7.77,1090.0,804.01,100,40.56876784
355.9,0.0,141.6,193.3,11.0,801.4,778.4,28,40.8686899
139.6,209.4,0.0,192.0,0.0,1047.0,806.9,3,8.06342182
475.0,0.0,59.0,142.0,1.9,1098.0,641.0,28,57.226507999999995
236.0,157.0,0.0,192.0,0.0,972.6,749.1,28,32.88455782
158.0,0.0,195.0,220.0,11.0,898.0,713.0,28,8.53571288
214.9,53.8,121.89,155.63,9.61,1014.3,780.58,3,18.01600788
213.5,0.0,174.24,159.21,11.66,1043.6,771.9,56,51.25564584
287.0,121.0,94.0,188.0,9.0,904.0,696.0,28,41.94082508
140.0,164.0,128.0,237.0,6.0,869.0,656.0,28,35.22532884
167.95,42.08,163.83,121.75,5.72,1058.7,780.11,56,32.8535314
305.3,203.5,0.0,203.5,0.0,965.4,631.0,7,25.89396066
475.0,118.8,0.0,181.1,8.9,852.1,781.5,7,55.59934464
309.9,142.8,111.2,167.8,22.1,913.9,651.2,28,38.21558625
190.0,190.0,0.0,228.0,0.0,932.0,670.0,28,40.85696881
122.6,183.9,0.0,203.5,0.0,958.2,800.1,90,33.19206412
277.05,0.0,97.39,160.6,11.83,973.9,875.61,100,55.6407132
152.0,178.0,139.0,168.0,18.0,944.0,695.0,28,36.34917472
165.0,0.02,143.57,163.81,0.0,1005.6,900.9,100,37.95565379999999
401.8,94.7,0.0,147.4,11.4,946.8,852.1,91,75.49762199999999
475.0,118.8,0.0,181.1,8.9,852.1,781.5,3,37.79707432
350.0,0.0,0.0,203.0,0.0,974.0,775.0,14,22.53207568
251.37,0.0,118.27,192.94,5.75,1043.6,754.3,100,40.14818748
229.97,0.0,118.31,195.47,4.63,1029.4,758.59,56,31.53663224
168.88,42.22,124.25,158.33,10.83,1080.8,796.15,14,23.511131600000002
212.57,0.0,100.39,159.35,10.37,1003.8,903.79,14,25.3727168
424.0,22.0,132.0,178.0,8.48,822.0,750.0,56,65.69721315
401.8,94.7,0.0,147.4,11.4,946.8,852.1,28,68.4994406
280.0,129.0,100.0,172.0,9.0,825.0,805.0,28,52.82075636
393.0,0.0,0.0,192.0,0.0,940.6,785.6,28,39.60488039
322.0,0.0,0.0,203.0,0.0,974.0,800.0,180,29.58541516
254.0,0.0,0.0,198.0,0.0,968.0,863.0,180,27.62730332
313.3,262.2,0.0,175.5,8.6,1046.9,611.8,56,64.90037588
318.8,212.5,0.0,155.7,14.3,852.1,880.4,28,55.49592324
355.0,19.0,97.0,145.0,13.13,967.0,871.0,28,44.02993736
310.0,0.0,0.0,192.0,0.0,1012.0,830.0,3,11.85209244
198.6,132.4,0.0,192.0,0.0,978.4,825.5,3,9.131420144
200.0,133.0,0.0,192.0,0.0,965.4,806.2,7,17.16588397
133.1,210.2,0.0,195.7,3.1,949.4,795.3,28,28.9379972
334.0,17.6,158.0,189.0,15.3,967.0,633.0,28,44.32641204
182.04,45.21,121.97,170.21,8.19,1059.4,780.65,56,43.49904084
349.0,0.0,0.0,192.0,0.0,1047.0,806.9,3,15.04919265
218.85,0.0,124.13,158.49,11.33,1078.7,794.91,100,46.2293658
166.09,0.0,163.27,176.46,4.49,1058.6,780.09,3,10.76272036
260.9,100.5,78.3,200.6,8.6,864.5,761.5,28,32.40123514
148.0,175.0,0.0,171.0,2.0,1000.0,828.0,28,26.91714304
385.0,0.0,0.0,186.0,0.0,966.0,763.0,3,14.69962832
181.38,0.0,167.01,169.59,7.56,1055.6,777.8,56,35.57006684
250.0,0.0,95.69,191.84,5.33,948.9,857.2,100,41.161717200000005
200.0,133.0,0.0,192.0,0.0,965.4,806.2,28,30.43967592
252.31,0.0,98.75,146.25,14.17,987.76,889.01,100,60.949678399999996
214.9,53.8,121.89,155.63,9.61,1014.3,780.58,14,38.60376124
236.0,0.0,0.0,193.0,0.0,968.0,885.0,7,9.99050724
152.6,238.7,0.0,200.0,6.3,1001.8,683.9,28,26.85991653
469.0,117.2,0.0,137.8,32.2,852.1,840.5,91,70.69886904
337.9,189.0,0.0,174.9,9.5,944.7,755.8,28,49.89737812
525.0,0.0,0.0,189.0,0.0,1125.0,613.0,3,33.79811352
160.0,188.0,146.0,203.0,11.0,829.0,710.0,28,32.83974188
332.5,142.5,0.0,228.0,0.0,932.0,594.0,180,39.77931782
376.0,0.0,0.0,214.6,0.0,1003.5,762.36,56,36.3009114
149.0,117.6,91.7,182.9,7.1,953.4,780.3,28,23.52423164
337.9,189.0,0.0,174.9,9.5,944.7,755.8,56,59.89478012
387.0,20.0,94.0,157.0,14.32,938.0,845.0,56,56.33708396
172.38,13.61,172.37,156.76,4.14,1006.3,856.4,14,29.7508894
102.0,153.0,0.0,192.0,0.0,887.0,942.0,90,25.46096973
213.74,0.0,174.74,154.79,10.16,1053.5,776.35,3,17.57474324
475.0,0.0,0.0,228.0,0.0,932.0,594.0,180,42.62064842
159.0,149.0,116.0,175.0,15.0,953.0,720.0,28,27.67556664
322.0,149.0,0.0,186.0,8.0,951.0,709.0,28,52.42086028
266.0,112.0,87.0,178.0,10.0,910.0,745.0,28,39.41734292
251.37,0.0,118.27,192.94,5.75,1043.6,754.3,14,20.72564856
397.0,0.0,0.0,185.7,0.0,1040.6,734.3,28,33.08243743
273.0,0.0,90.0,199.0,11.0,931.0,762.0,28,32.23989776
475.0,0.0,0.0,228.0,0.0,932.0,594.0,90,42.22902605
190.68,0.0,125.4,162.14,7.77,1090.0,804.01,3,15.04436632
231.75,0.0,121.62,173.96,6.72,1056.4,778.45,3,15.43736764
132.0,207.0,161.0,179.0,5.0,867.0,736.0,28,33.3016908
350.0,0.0,0.0,203.0,0.0,974.0,775.0,90,31.35047372
296.0,0.0,0.0,192.0,0.0,1085.0,765.0,28,21.6495464
159.0,209.0,161.0,201.0,7.0,848.0,669.0,28,30.88163004
362.6,189.0,0.0,164.9,11.6,944.7,755.8,91,79.29663476
295.71,0.0,95.64,171.54,8.87,955.14,859.2,28,39.94134468
375.0,0.0,0.0,186.0,0.0,1038.0,758.0,7,26.062192800000002
252.5,0.0,0.0,185.7,0.0,1111.6,784.3,7,11.48391226
303.6,139.9,0.0,213.5,6.2,895.5,722.5,28,33.4195912
342.0,38.0,0.0,228.0,0.0,932.0,670.0,365,56.14196225
425.0,106.3,0.0,153.5,16.5,852.1,887.1,56,64.30053176
213.74,0.0,174.74,154.79,10.16,1053.5,776.35,28,40.14818748
251.37,0.0,118.27,188.45,6.35,1028.4,757.73,3,13.12072828
298.1,0.0,107.0,186.4,6.1,879.0,815.2,28,42.6440906
374.3,0.0,0.0,190.2,6.7,1013.2,730.4,28,39.0560575
190.34,0.0,125.18,161.85,9.88,1088.1,802.59,3,9.4458212
531.3,0.0,0.0,141.8,28.2,852.1,893.7,28,56.3991368
350.0,0.0,0.0,186.0,0.0,1050.0,770.0,28,34.29453624
225.0,0.0,0.0,181.0,0.0,1113.0,833.0,28,17.340321399999997
212.07,0.0,121.62,180.31,5.69,1057.6,779.32,3,12.47262084
252.31,0.0,98.75,146.25,14.17,987.76,889.01,14,42.29245784
298.0,0.0,107.0,164.0,13.0,953.0,784.0,28,35.85964676
297.0,0.0,0.0,186.0,0.0,1040.0,734.0,7,30.9574724
313.0,0.0,113.0,178.0,8.0,1002.0,689.0,28,36.80422888
157.0,236.0,0.0,192.0,0.0,935.4,781.2,3,9.694722036
157.0,236.0,0.0,192.0,0.0,935.4,781.2,7,16.889404100000004
333.0,0.0,0.0,192.0,0.0,931.2,842.6,3,15.61594192
132.0,206.5,160.9,178.9,5.5,866.9,735.6,28,33.30651713
427.5,47.5,0.0,228.0,0.0,932.0,594.0,7,35.07640202
154.8,183.4,0.0,193.3,9.1,1047.4,696.7,28,18.28766142
439.0,177.0,0.0,186.0,11.1,884.9,707.9,91,73.29819356
151.0,0.0,184.0,167.0,12.0,991.0,772.0,28,15.56836808
194.68,0.0,100.52,165.62,7.48,1006.4,905.9,14,24.98661024
139.6,209.4,0.0,192.0,0.0,1047.0,806.9,90,39.35804798
393.0,0.0,0.0,192.0,0.0,940.6,785.6,90,48.8466167
237.5,237.5,0.0,228.0,0.0,932.0,594.0,7,26.25800398
297.8,137.2,106.9,201.3,6.0,878.4,655.3,28,53.52471136
322.0,0.0,116.0,196.0,10.0,818.0,813.0,28,31.17810472
480.0,0.0,0.0,192.0,0.0,936.2,712.2,90,54.31554033
298.0,0.0,107.0,186.0,6.0,879.0,815.0,28,42.63719584
491.0,26.0,123.0,201.0,3.93,822.0,699.0,3,29.54897143
277.05,0.0,97.39,160.6,11.83,973.9,875.61,56,51.03501352
500.0,0.0,0.0,200.0,0.0,1125.0,613.0,1,12.63809508
116.0,173.0,0.0,192.0,0.0,909.8,891.9,3,6.280436883999999
250.0,0.0,95.69,187.42,5.53,956.86,861.17,3,13.81709904
380.0,95.0,0.0,228.0,0.0,932.0,594.0,270,41.15137506
310.0,0.0,0.0,192.0,0.0,970.0,850.0,28,27.923778000000002
167.35,129.9,128.62,175.46,7.79,1006.3,746.6,100,53.65502232
141.9,166.6,129.7,173.5,10.9,882.6,785.3,28,44.61185510000001
385.0,0.0,136.0,158.0,20.0,903.0,768.0,28,55.55108132
250.0,0.0,95.69,187.42,5.53,956.86,861.17,100,42.34761592
332.5,142.5,0.0,228.0,0.0,932.0,594.0,90,37.72192144
158.6,148.9,116.0,175.1,15.0,953.3,719.7,28,27.68108245
160.0,128.0,122.0,182.0,6.4,824.0,879.0,28,39.39665864
387.0,20.0,94.0,157.0,11.61,938.0,845.0,7,41.66503468
310.0,142.8,0.0,167.9,10.0,914.3,804.0,28,45.30477848
313.0,145.0,0.0,178.0,8.0,867.0,824.0,28,44.38846488
349.0,0.0,0.0,192.0,0.0,1056.0,809.0,7,9.01145132
276.0,116.0,90.0,180.0,9.0,870.0,768.0,28,44.27814872
190.34,0.0,125.18,161.85,9.88,1088.1,802.59,100,40.38950408
149.0,236.0,0.0,176.0,13.0,847.0,893.0,28,32.956952799999996
149.0,118.0,92.0,183.0,7.0,953.0,780.0,28,23.51802636
359.0,19.0,141.0,154.0,10.91,942.0,801.0,7,35.75425543
150.9,0.0,183.9,166.6,11.6,991.2,772.2,28,15.56974703
164.0,0.0,200.0,181.0,13.0,849.0,846.0,28,15.08573488
339.0,0.0,0.0,197.0,0.0,968.0,781.0,180,36.44570136
304.8,0.0,99.6,196.0,9.8,959.4,705.2,28,30.12320644
222.36,0.0,96.67,189.29,4.46,967.08,870.32,28,24.8900836
331.0,0.0,0.0,192.0,0.0,1025.0,821.0,120,39.38286912
318.8,212.5,0.0,155.7,14.3,852.1,880.4,91,68.09954452
173.0,116.0,0.0,192.0,0.0,946.8,856.8,90,32.10269204
331.0,0.0,0.0,192.0,0.0,1025.0,821.0,28,31.74347504
296.0,0.0,0.0,192.0,0.0,1085.0,765.0,90,29.39236188
375.0,93.8,0.0,126.6,23.4,852.1,992.6,28,56.69561148
250.0,0.0,95.69,187.42,5.53,956.86,861.17,14,24.91766264
116.0,173.0,0.0,192.0,0.0,909.8,891.9,7,10.08979178
439.0,177.0,0.0,186.0,11.1,884.9,707.9,7,56.09576736
165.0,0.02,143.57,163.81,0.0,1005.6,900.9,56,36.56291228
194.68,0.0,100.52,170.17,7.48,998.0,901.8,28,37.2661778
295.0,0.0,0.0,185.0,0.0,1069.0,769.0,7,14.79615496
236.0,0.0,0.0,193.0,0.0,968.0,885.0,365,25.08313688
252.0,0.0,0.0,186.0,0.0,1111.0,784.0,7,11.46598588
183.9,122.6,0.0,203.5,0.0,959.2,800.0,7,10.7875415
323.7,282.8,0.0,183.8,10.3,942.7,659.9,28,74.69782984
304.0,76.0,0.0,228.0,0.0,932.0,670.0,90,49.18514941
531.3,0.0,0.0,141.8,28.2,852.1,893.7,91,59.19840936
190.34,0.0,125.18,166.61,9.88,1079.0,798.9,14,19.41564416
148.1,0.0,182.1,181.4,15.0,838.9,884.3,28,15.52631004
213.72,98.05,24.51,181.71,6.86,1065.8,785.38,28,45.70536404
183.9,122.6,0.0,203.5,0.0,959.2,800.0,28,24.04616498
261.0,100.0,78.0,201.0,9.0,864.0,761.0,28,32.39847724
314.0,0.0,113.0,170.0,10.0,925.0,783.0,28,38.45897128
266.0,114.0,0.0,228.0,0.0,932.0,670.0,28,45.85429086
304.0,140.0,0.0,214.0,6.0,895.0,722.0,28,33.41890172
237.5,237.5,0.0,228.0,0.0,932.0,594.0,28,30.07976945
446.0,24.0,79.0,162.0,11.64,967.0,712.0,3,25.02108404
183.9,122.6,0.0,203.5,0.0,959.2,800.0,90,32.53292506
251.37,0.0,118.27,188.45,5.75,1028.4,757.73,56,36.96970312
252.31,0.0,98.75,146.25,14.17,987.76,889.01,56,55.82687172
382.0,0.0,0.0,186.0,0.0,1111.0,784.0,7,11.46598588
186.2,124.1,0.0,185.7,0.0,1083.4,764.3,28,17.59680647
157.0,236.0,0.0,192.0,0.0,935.4,781.2,90,43.37700359
238.0,0.0,0.0,186.0,0.0,1119.0,789.0,28,17.54026944
500.0,0.0,0.0,200.0,0.0,1125.0,613.0,3,26.062192800000002
181.38,0.0,167.01,169.59,7.56,1055.6,777.8,28,27.77209328
275.0,0.0,0.0,183.0,0.0,1088.0,808.0,28,24.49708228
249.1,0.0,98.75,158.11,12.8,987.76,889.01,28,30.84715624
167.0,75.4,167.0,164.03,7.91,1007.3,770.1,28,41.40992856
388.6,97.1,0.0,157.9,12.1,852.1,925.7,91,57.59882504
525.0,0.0,0.0,189.0,0.0,1125.0,613.0,14,48.4012152
250.2,166.8,0.0,203.5,0.0,977.6,694.1,7,19.35014394
145.0,0.0,179.0,202.0,8.0,824.0,869.0,28,10.53519328
135.7,203.5,0.0,185.7,0.0,1076.2,759.3,7,7.507014688
480.0,0.0,0.0,192.0,0.0,936.0,721.0,3,24.39366088
424.0,22.0,132.0,168.0,8.92,822.0,750.0,3,32.10988228
375.0,93.8,0.0,126.6,23.4,852.1,992.6,91,62.5009994
425.0,106.3,0.0,151.4,18.6,936.0,803.7,91,66.69990824
155.0,0.0,143.0,193.0,9.0,877.0,868.0,28,9.73540112
284.0,119.7,0.0,168.3,7.2,970.4,794.2,28,40.9348796
385.0,0.0,0.0,186.0,0.0,966.0,763.0,28,31.35047372
133.0,200.0,0.0,192.0,0.0,927.4,839.2,90,36.58842289
218.85,0.0,124.13,158.49,11.33,1078.7,794.91,56,37.2661778
387.0,20.0,94.0,157.0,11.61,938.0,845.0,28,46.68441996
213.5,0.0,174.24,154.61,11.66,1052.3,775.48,3,17.36790044
229.97,0.0,118.31,195.47,4.63,1029.4,758.59,14,20.08443588
389.9,189.0,0.0,145.9,22.0,944.7,755.8,28,74.4978818
140.0,133.0,103.0,200.0,7.0,916.0,753.0,28,36.4388066
325.0,0.0,0.0,184.0,0.0,1063.0,783.0,28,30.57136584
374.0,189.2,0.0,170.1,10.1,926.1,756.7,91,64.90037588
153.6,144.2,112.3,220.1,10.1,923.2,657.9,28,16.50398701
166.09,0.0,163.27,176.46,4.49,1058.6,780.09,28,21.53923024
275.0,0.0,0.0,183.0,0.0,1088.0,808.0,7,14.203205599999999
290.35,0.0,96.18,168.08,9.41,961.18,865.0,100,48.97348028
251.81,0.0,99.94,146.14,12.35,1006.0,899.76,56,44.14025352
173.54,50.05,173.53,164.77,6.47,1006.2,793.5,14,33.00521612
439.0,177.0,0.0,186.0,11.1,884.9,707.9,28,65.99664272
212.07,0.0,121.62,180.31,5.69,1057.6,779.32,56,34.20490436
167.95,42.08,163.83,121.75,5.72,1058.7,780.11,28,24.24197616
172.38,13.61,172.37,156.76,4.14,1006.3,856.4,100,37.679863399999995
231.75,0.0,121.62,173.96,6.72,1056.4,778.45,14,26.77235308
173.81,93.37,159.9,172.34,9.73,1007.2,746.6,28,37.81086384
393.0,0.0,0.0,192.0,0.0,940.0,758.0,28,39.58281716
155.6,243.5,0.0,180.3,10.7,1022.0,697.7,28,37.36339392
156.0,178.0,187.0,221.0,7.0,854.0,614.0,28,29.41304616
153.0,145.0,0.0,178.0,8.0,1000.0,822.0,28,19.00885332
289.0,134.0,0.0,195.0,6.0,924.0,760.0,28,46.24315532
375.0,93.8,0.0,126.6,23.4,852.1,992.6,56,60.19814956
141.3,212.0,0.0,203.5,0.0,971.8,748.5,7,10.3938507
173.81,93.37,159.9,172.34,9.73,1007.2,746.6,14,29.55094136
310.0,0.0,0.0,192.0,0.0,970.0,850.0,180,37.32823064
500.0,0.0,0.0,200.0,0.0,1125.0,613.0,270,55.158080000000005
350.0,0.0,0.0,203.0,0.0,974.0,775.0,28,27.337723399999998
313.3,145.0,0.0,178.5,8.0,867.2,824.0,28,40.92522693
229.68,0.0,118.16,195.23,6.13,1028.1,757.63,100,40.85834776
173.0,116.0,0.0,192.0,0.0,946.8,856.8,7,11.39221195
153.1,145.0,113.0,178.5,8.0,1001.9,688.7,28,25.5595648
238.0,0.0,0.0,185.0,0.0,1118.0,789.0,28,17.54026944
144.0,0.0,175.0,158.0,18.0,943.0,844.0,28,15.41668336
153.1,145.0,113.0,178.5,8.0,867.2,824.0,28,26.23318285
141.3,212.0,0.0,203.5,0.0,971.8,748.5,28,29.89223198
166.0,260.0,0.0,183.0,13.0,859.0,827.0,28,37.91428524
349.0,0.0,0.0,192.0,0.0,1047.0,806.0,7,18.12632404
172.38,13.61,172.37,156.76,4.14,1006.3,856.4,3,21.29101888
321.3,164.2,0.0,190.5,4.6,870.0,774.0,28,57.21823429
289.0,0.0,0.0,192.0,0.0,913.2,895.3,3,11.6549023
182.04,45.21,121.97,170.21,8.19,1059.4,780.65,28,31.267736600000003
252.0,97.0,76.0,194.0,8.0,835.0,821.0,28,33.39821744
173.81,93.37,159.9,172.34,9.73,1007.2,746.6,100,50.93848688
284.0,15.0,141.0,179.0,5.46,842.0,801.0,3,13.39553372
475.0,118.8,0.0,181.1,8.9,852.1,781.5,28,68.29949256
141.3,212.0,0.0,203.5,0.0,971.8,748.5,90,39.6621069
212.52,0.0,100.37,159.32,8.71,1007.8,903.59,28,31.64005364
336.0,0.0,0.0,182.0,3.0,986.0,817.0,28,44.86420332
325.0,0.0,0.0,184.0,0.0,1063.0,783.0,7,17.54026944
116.0,173.0,0.0,192.0,0.0,909.8,891.9,28,22.34798559
145.0,116.0,119.0,184.0,5.7,833.0,880.0,28,29.15794004
287.3,120.5,93.9,187.6,9.2,904.4,695.9,28,43.79827342
159.0,187.0,0.0,176.0,11.0,990.0,789.0,28,32.76389952
212.52,0.0,100.37,159.32,8.71,1007.8,903.59,56,42.54756396
310.0,0.0,0.0,192.0,0.0,970.0,850.0,360,38.11423328
133.0,200.0,0.0,192.0,0.0,927.4,839.2,3,6.883728383999999
297.16,0.0,117.54,174.8,9.52,1022.8,753.45,28,47.401475
173.0,116.0,0.0,192.0,0.0,946.8,856.8,3,6.940954892000001
178.03,129.8,118.6,179.94,3.57,1007.3,746.8,28,39.162236799999995
157.0,214.0,152.0,200.0,9.0,819.0,704.0,28,33.05347944
349.0,0.0,0.0,192.0,0.0,1056.0,809.0,28,33.60506024
505.0,0.0,60.0,195.0,0.0,1030.0,630.0,28,64.0178466
251.37,0.0,118.27,188.45,6.35,1028.4,757.73,56,36.63875464
331.0,0.0,0.0,192.0,0.0,978.0,825.0,180,38.99676256
183.9,122.6,0.0,203.5,0.0,959.2,800.0,3,4.903553312
200.0,133.0,0.0,192.0,0.0,965.4,806.2,3,11.41427518
277.05,0.0,97.39,160.6,11.83,973.9,875.61,28,48.28400428
250.0,180.0,95.0,159.0,9.45,860.0,800.0,28,67.86512268
178.03,129.8,118.6,179.94,3.57,1007.3,746.8,3,20.72564856
238.05,0.0,94.11,186.66,7.0,949.91,847.01,100,44.298833
136.4,161.6,125.8,171.6,10.4,922.6,764.4,28,29.07313449
145.7,172.6,0.0,181.9,3.4,985.8,816.8,28,23.74417449
387.0,20.0,94.0,157.0,11.61,938.0,845.0,56,61.45989064
218.85,0.0,124.13,158.49,11.33,1078.7,794.91,28,30.21973308
359.0,19.0,141.0,154.0,10.91,942.0,801.0,56,68.75060685
133.0,200.0,0.0,192.0,0.0,927.4,839.2,28,27.874825199999997
313.8,0.0,112.6,169.9,10.1,925.3,782.9,28,38.46103971
143.0,169.4,142.7,190.7,8.4,967.4,643.5,28,29.72606826
184.0,86.0,190.0,213.0,6.0,923.0,623.0,28,22.93197176
350.0,0.0,0.0,186.0,0.0,1050.0,770.0,7,20.27748916
300.0,0.0,120.0,212.0,10.0,878.0,728.0,28,23.83518532
147.0,115.0,89.0,202.0,9.0,860.0,829.0,28,19.98790924
288.0,192.0,0.0,192.0,0.0,932.0,717.8,3,16.10960674
155.0,183.0,0.0,193.0,9.0,1047.0,697.0,28,18.28490352
290.2,193.5,0.0,185.7,0.0,998.2,704.3,7,21.8591471
162.0,190.1,148.1,178.8,18.8,838.1,741.4,28,33.76226077
339.0,0.0,0.0,197.0,0.0,968.0,781.0,28,32.03994972
525.0,0.0,0.0,189.0,0.0,1125.0,613.0,270,67.11359384
439.0,177.0,0.0,186.0,11.1,884.9,707.9,3,39.300132
212.0,0.0,124.78,159.0,7.84,1085.4,799.54,28,38.50033984
310.0,0.0,0.0,192.0,0.0,1012.0,830.0,7,17.24379476
337.9,189.0,0.0,174.9,9.5,944.7,755.8,91,67.79617508
289.0,0.0,0.0,192.0,0.0,913.2,895.3,28,25.57335432
237.5,237.5,0.0,228.0,0.0,932.0,594.0,270,38.40795006
158.8,238.2,0.0,185.7,0.0,1040.6,734.3,28,21.0662497
194.68,0.0,100.52,165.62,7.48,1006.4,905.9,3,12.45193656
288.0,192.0,0.0,192.0,0.0,932.0,717.8,28,38.80439876
313.0,0.0,0.0,178.0,8.0,1000.0,822.0,28,25.0969264
148.0,0.0,137.0,158.0,16.0,1002.0,830.0,28,17.95395504
146.0,230.0,0.0,202.0,3.0,827.0,872.0,28,33.0603742
143.8,136.3,106.2,178.1,7.5,941.5,774.3,28,26.14768782
350.0,0.0,0.0,203.0,0.0,974.0,775.0,7,18.12632404
388.6,97.1,0.0,157.9,12.1,852.1,925.7,7,34.90127512
238.2,158.8,0.0,185.7,0.0,1040.6,734.3,28,26.91369566
212.0,0.0,124.78,159.0,7.84,1085.4,799.54,3,19.51906556
385.0,0.0,0.0,186.0,0.0,966.0,763.0,14,27.923778000000002
339.0,0.0,0.0,197.0,0.0,968.0,781.0,3,13.22414968
153.0,102.0,0.0,192.0,0.0,888.0,943.1,7,8.374375496
446.0,24.0,79.0,162.0,10.3,967.0,712.0,56,54.76507868
135.7,203.5,0.0,185.7,0.0,1076.2,759.3,28,18.19871902
314.0,145.0,113.0,179.0,8.0,869.0,690.0,28,46.2293658
213.72,98.05,24.51,181.71,6.86,1065.8,785.38,14,30.38520732
213.5,0.0,174.24,159.21,11.66,1043.6,771.9,3,15.60973664
525.0,0.0,0.0,189.0,0.0,1125.0,613.0,90,58.78472376
178.03,129.8,118.6,179.94,3.57,1007.3,746.8,14,34.23937816
349.0,0.0,0.0,192.0,0.0,1047.0,806.0,90,39.48629052
296.0,0.0,107.0,221.0,11.0,819.0,778.0,28,31.41942132
229.68,0.0,118.16,195.23,6.13,1028.1,757.63,28,24.53845084
198.6,132.4,0.0,192.0,0.0,978.4,825.5,360,44.296075099999996
349.0,0.0,0.0,192.0,0.0,1047.0,806.0,360,42.1269836
192.0,288.0,0.0,192.0,0.0,929.8,716.1,3,12.78840085
162.0,214.0,164.0,202.0,10.0,820.0,680.0,28,30.647208199999998
300.0,0.0,0.0,184.0,0.0,1075.0,795.0,28,26.84819544
350.0,0.0,0.0,203.0,0.0,974.0,775.0,180,32.72253096
295.8,0.0,0.0,185.7,0.0,1091.4,769.3,28,25.21689522
500.0,0.0,0.0,200.0,0.0,1125.0,613.0,14,36.93522932
200.0,133.0,0.0,192.0,0.0,965.4,806.2,90,43.25082948
401.8,94.7,0.0,147.4,11.4,946.8,852.1,7,54.09628696
273.0,105.0,82.0,210.0,9.0,904.0,680.0,28,37.16965116
540.0,0.0,0.0,173.0,0.0,1125.0,613.0,7,52.61391356
272.8,181.9,0.0,185.7,0.0,1012.4,714.3,28,31.38150014
194.68,0.0,100.52,170.17,7.48,998.0,901.8,14,24.28334472
359.0,19.0,141.0,154.0,10.91,942.0,801.0,3,23.63917715
380.0,95.0,0.0,228.0,0.0,932.0,594.0,180,40.75906322
198.6,132.4,0.0,192.0,0.0,978.4,825.5,180,41.71950328
393.0,0.0,0.0,192.0,0.0,940.0,758.0,3,19.10537996
298.0,0.0,107.0,210.0,11.0,880.0,744.0,28,31.87447548
167.95,42.08,163.83,121.75,5.72,1058.7,780.11,3,7.74971024
318.8,212.5,0.0,155.7,14.3,852.1,880.4,56,66.10006412
342.0,38.0,0.0,228.0,0.0,932.0,670.0,180,52.124385600000004
146.0,173.0,0.0,182.0,3.0,986.0,817.0,28,23.73865868
212.52,0.0,100.37,159.32,8.71,1007.8,903.59,3,13.54130864
424.0,22.0,132.0,168.0,8.92,822.0,750.0,7,40.28509772
500.0,0.0,0.0,200.0,0.0,1125.0,613.0,90,47.22221124
285.0,190.0,0.0,163.0,7.6,1031.0,685.0,28,53.57917996
295.71,0.0,95.64,171.54,8.87,955.14,859.2,56,48.71837416
213.5,0.0,174.24,159.21,11.66,1043.6,771.9,28,44.63667624
203.5,305.3,0.0,203.5,0.0,963.4,630.0,28,41.68434001
250.0,0.0,95.69,191.84,5.33,948.9,857.2,3,8.48744956
277.0,0.0,0.0,191.0,0.0,968.0,856.0,360,33.70158688
284.0,15.0,141.0,179.0,5.46,842.0,801.0,56,44.52045028
379.5,151.2,0.0,153.9,15.9,1134.3,605.0,56,54.89607912
310.0,0.0,0.0,192.0,0.0,971.0,850.6,3,9.86640156
387.0,20.0,94.0,157.0,13.93,938.0,845.0,56,47.96684532
236.0,157.0,0.0,192.0,0.0,972.6,749.1,7,20.41607384
425.0,106.3,0.0,151.4,18.6,936.0,803.7,56,64.90037588
164.6,0.0,150.4,181.6,11.7,1023.3,728.9,28,18.03393426
289.0,0.0,0.0,192.0,0.0,913.2,895.3,7,14.5968964
288.0,121.0,0.0,177.0,7.0,908.0,829.0,28,42.13387836
143.6,0.0,174.9,158.4,17.9,942.7,844.5,28,15.42357812
266.0,114.0,0.0,228.0,0.0,932.0,670.0,180,48.69562145
374.0,0.0,0.0,190.0,7.0,1013.0,730.0,28,39.05192064
304.0,76.0,0.0,228.0,0.0,932.0,670.0,28,47.81378165
286.3,200.9,0.0,144.7,11.2,1004.6,803.7,91,76.80073164
342.0,38.0,0.0,228.0,0.0,932.0,670.0,90,50.45930106
202.0,11.0,141.0,206.0,1.72,942.0,801.0,3,9.849657146
356.0,119.0,0.0,160.0,9.03,1061.0,657.0,28,58.99846132
229.97,0.0,118.31,195.47,4.63,1029.4,758.59,28,24.48329276
331.0,0.0,0.0,192.0,0.0,978.0,825.0,90,37.231704
229.68,0.0,118.16,195.23,6.13,1028.1,757.63,14,22.31833812
525.0,0.0,0.0,189.0,0.0,1125.0,613.0,7,42.42345828
237.5,237.5,0.0,228.0,0.0,932.0,594.0,90,33.11691123
155.0,0.0,143.0,193.0,9.0,1047.0,697.0,28,12.45883132
218.23,54.64,123.78,140.75,11.91,1075.7,792.67,28,55.50971276
382.0,0.0,0.0,186.0,0.0,1047.0,739.0,7,24.00065956
397.0,0.0,0.0,186.0,0.0,1040.0,734.0,28,36.93522932
500.0,0.0,0.0,200.0,0.0,1125.0,613.0,7,33.21205892
249.1,0.0,98.75,158.11,12.8,987.76,889.01,3,15.36152528
310.0,0.0,0.0,192.0,0.0,1012.0,830.0,120,38.70028788
251.37,0.0,118.27,188.45,5.75,1028.4,757.73,14,29.93015316
500.0,0.0,0.0,200.0,0.0,1125.0,613.0,28,44.0919902
387.0,20.0,94.0,157.0,14.32,938.0,845.0,28,50.23522136
446.0,24.0,79.0,162.0,11.64,967.0,712.0,7,38.01770664
322.2,0.0,115.6,196.0,10.4,817.9,813.4,28,31.1787942
310.0,143.0,0.0,168.0,10.0,914.0,804.0,28,45.2985732
326.0,0.0,138.0,199.0,11.0,801.0,792.0,28,40.679084
182.04,45.21,121.97,170.21,8.19,1059.4,780.65,100,48.67011084
167.95,42.08,163.83,121.75,5.72,1058.7,780.11,14,17.8229546
222.36,0.0,96.67,189.29,4.46,967.08,870.32,14,24.44881896
203.5,135.7,0.0,185.7,0.0,1076.2,759.3,28,22.62998127
540.0,0.0,0.0,173.0,0.0,1125.0,613.0,28,67.30664712
167.0,75.4,167.0,164.03,7.91,1007.3,770.1,14,32.90179472
331.0,0.0,0.0,192.0,0.0,1025.0,821.0,3,14.306626999999999
491.0,26.0,123.0,201.0,3.93,822.0,699.0,28,57.915983999999995
366.0,187.0,0.0,191.0,7.0,824.0,757.0,28,65.90701084
525.0,0.0,0.0,189.0,0.0,1125.0,613.0,180,61.92183956
362.6,189.0,0.0,164.9,11.6,944.7,755.8,7,22.89749796
339.2,0.0,0.0,185.7,0.0,1069.2,754.3,28,31.89998609
173.81,93.37,159.9,172.34,9.73,1007.2,746.6,3,15.81657944
540.0,0.0,0.0,162.0,2.5,1055.0,676.0,28,61.88736576
154.8,0.0,142.8,193.3,9.1,1047.4,696.7,28,12.459520800000002
325.6,166.4,0.0,174.0,8.9,881.6,790.0,28,61.23581094
290.2,193.5,0.0,185.7,0.0,998.2,704.3,28,33.043137300000005
401.8,94.7,0.0,147.4,11.4,946.8,852.1,3,41.09966436
213.72,98.05,24.51,181.71,6.86,1065.8,785.38,3,17.9953236
190.0,190.0,0.0,228.0,0.0,932.0,670.0,365,53.69225402
540.0,0.0,0.0,173.0,0.0,1125.0,613.0,3,41.63745564
289.0,0.0,0.0,192.0,0.0,913.2,895.3,90,32.06821824
167.0,75.4,167.0,164.03,7.91,1007.3,770.1,56,53.46196904
446.0,24.0,79.0,162.0,11.61,967.0,712.0,7,52.00717468
450.1,50.0,0.0,200.0,3.0,1124.4,613.2,28,39.37597436
425.0,106.3,0.0,151.4,18.6,936.0,803.7,7,46.80163088
218.23,54.64,123.78,140.75,11.91,1075.7,792.67,100,63.52831864
255.0,99.0,77.0,189.0,6.0,919.0,749.0,28,33.79811352
186.2,124.1,0.0,185.7,0.0,1083.4,764.3,7,7.995853172
218.85,0.0,124.13,158.49,11.33,1078.7,794.91,3,15.340841000000001
252.0,0.0,0.0,185.0,0.0,1111.0,784.0,7,13.71367764
212.0,0.0,124.78,159.0,7.84,1085.4,799.54,14,31.35047372
190.0,190.0,0.0,228.0,0.0,932.0,670.0,90,42.32693164
297.16,0.0,117.54,174.8,9.52,1022.8,753.45,3,21.91154728
307.0,0.0,0.0,193.0,0.0,968.0,812.0,28,27.53077668
173.54,50.05,173.53,164.77,6.47,1006.2,793.5,3,23.07676172
168.88,42.22,124.25,158.33,10.83,1080.8,796.15,56,39.14844728
233.81,0.0,94.58,197.89,4.567,947.04,852.16,14,22.13907436
265.0,111.0,86.0,195.0,6.0,833.0,790.0,28,41.540929
264.5,111.0,86.5,195.5,5.9,832.6,790.4,28,41.54230795
305.3,203.5,0.0,203.5,0.0,965.4,631.0,28,43.37700359
142.0,167.0,130.0,174.0,11.0,883.0,785.0,28,44.6090972
424.0,22.0,132.0,178.0,8.48,882.0,750.0,3,32.01138572
317.9,0.0,126.5,209.7,5.7,860.5,736.6,28,40.06200298
359.0,19.0,141.0,154.0,10.91,942.0,801.0,7,38.610656
356.0,0.0,142.0,193.0,11.0,801.0,778.0,28,40.86524252
212.0,0.0,124.78,159.0,7.84,1085.4,799.54,56,45.08483564
238.1,0.0,0.0,185.7,0.0,1118.8,789.3,7,10.33593472
150.0,237.0,0.0,174.0,12.0,1069.0,675.0,28,37.43165204
381.4,0.0,0.0,185.7,0.0,1104.6,784.3,7,14.54104884
250.2,166.8,0.0,203.5,0.0,977.6,694.1,28,36.96418731
312.7,0.0,0.0,178.1,8.0,999.7,822.2,28,25.10382116
229.97,0.0,118.31,195.47,4.63,1029.4,758.59,100,35.34253976
382.0,0.0,0.0,185.0,0.0,1047.0,739.0,7,24.00065956
310.0,0.0,0.0,192.0,0.0,1012.0,830.0,28,27.82725136
491.0,26.0,123.0,210.0,3.93,882.0,699.0,28,55.55108132
122.6,183.9,0.0,203.5,0.0,958.2,800.1,3,3.31982694
393.0,0.0,0.0,192.0,0.0,940.6,785.6,3,19.1991487
304.0,76.0,0.0,228.0,0.0,932.0,670.0,180,50.94882902
355.0,19.0,97.0,145.0,12.25,967.0,871.0,28,55.45455468
228.0,342.1,0.0,185.7,0.0,955.8,674.3,7,21.91706309
153.0,145.0,113.0,178.0,8.0,1002.0,689.0,28,25.55887532
331.0,0.0,0.0,192.0,0.0,978.0,825.0,3,13.52062436
251.37,0.0,118.27,188.45,5.75,1028.4,757.73,28,29.65436276
139.6,209.4,0.0,192.0,0.0,1047.0,806.9,28,28.23748958
275.07,0.0,121.35,159.48,9.9,1053.6,777.5,56,56.8472962
446.0,24.0,79.0,162.0,11.64,967.0,712.0,56,55.25460664
222.36,0.0,96.67,189.29,4.46,967.08,870.32,3,11.57630204
290.35,0.0,96.18,168.08,9.41,961.18,865.0,14,34.67374804
147.8,175.1,0.0,171.2,2.2,1000.0,828.5,28,26.92265885
190.34,0.0,125.18,161.85,9.88,1088.1,802.59,14,22.7182342
167.35,129.9,128.62,175.46,7.79,1006.3,746.6,3,14.94094492
162.0,190.0,148.0,179.0,19.0,838.0,741.0,28,33.75674496
173.54,50.05,173.53,164.77,6.47,1006.2,793.5,28,38.20386516
202.0,11.0,141.0,206.0,1.72,942.0,801.0,28,21.96670536
214.9,53.8,121.89,155.63,9.61,1014.3,780.58,56,53.95839176
302.0,0.0,0.0,203.0,0.0,974.0,817.0,14,18.12632404
246.83,0.0,125.08,143.3,11.99,1086.8,800.89,56,60.32225524
133.0,200.0,0.0,192.0,0.0,927.4,839.2,7,13.66403537
475.0,118.8,0.0,181.1,8.9,852.1,781.5,56,72.29845336
236.0,157.0,0.0,192.0,0.0,972.6,749.1,90,47.78206575
313.0,161.0,0.0,178.0,10.0,917.0,759.0,28,52.44154456
362.6,189.0,0.0,164.9,11.6,944.7,755.8,7,55.89581932
516.0,0.0,0.0,162.0,8.26,801.0,802.0,28,41.368559999999995
337.9,189.0,0.0,174.9,9.5,944.7,755.8,3,24.0971862
446.0,24.0,79.0,162.0,11.64,967.0,712.0,56,56.14403068
277.19,97.82,24.46,160.7,11.19,1061.7,782.46,3,30.44726016
213.76,98.06,24.52,181.74,6.65,1066.0,785.52,100,49.97322048
387.0,20.0,94.0,157.0,11.61,938.0,845.0,3,34.77027468
286.3,200.9,0.0,144.7,11.2,1004.6,803.7,28,67.69964844
375.0,0.0,0.0,186.0,0.0,1038.0,758.0,28,38.21075992
427.5,47.5,0.0,228.0,0.0,932.0,594.0,180,41.8367142
310.0,0.0,0.0,192.0,0.0,1012.0,830.0,90,35.76312012
313.3,262.2,0.0,175.5,8.6,1046.9,611.8,3,28.79941252
337.9,189.0,0.0,174.9,9.5,944.7,755.8,7,35.10122316
168.88,42.22,124.25,158.33,10.83,1080.8,796.15,3,7.39807748
153.0,145.0,113.0,178.0,8.0,867.0,824.0,28,26.22766704
165.0,128.5,132.1,175.06,8.08,1005.8,746.6,100,55.0201848
286.3,200.9,0.0,144.7,11.2,1004.6,803.7,7,37.99702236
